"AverageShortestPathLength","baseMean","BetweennessCentrality","ClosenessCentrality","ClusteringCoefficient","Degree","Eccentricity","gene_id","IsSingleNode","lfcSE","log2FoldChange","name","NeighborhoodConnectivity","NumberOfDirectedEdges","NumberOfUndirectedEdges","padj","PartnerOfMultiEdgedNodePairs","pvalue","Radiality","selected","SelfLoops","shared name","stat","Stress","TopologicalCoefficient"
"2.4802867383512543","782.257815008091","0.005636910133616529","0.4031791907514451","0.40441176470588236","17","6","23411","false","0.22584489815664","0.730754105664293","SIRT1","27.41176470588235","0","17","0.00411750790971336","0","0.00121367866688109","0.9761244074459475","false","0","SIRT1","3.23564584203032","5284","0.17685009487666034"
"2.5053763440860215","1814.08185798344","0.008188771469885251","0.39914163090128757","0.38235294117647056","17","6","6198","false","0.183896115352434","0.825828109563875","RPS6KB1","23.58823529411765","0","17","4.42646273018777E-5","0","7.09789243835645E-6","0.9757197363857093","false","0","RPS6KB1","4.49073167196158","6416","0.15479876160990713"
"2.598566308243728","1566.6306205702","0.011361934969864871","0.3848275862068965","0.8021390374331551","34","6","6790","false","0.293203781405844","1.19713773255426","AURKA","36.294117647058826","0","34","2.26608005355148E-4","0","4.44667096179089E-5","0.9742166724476818","false","0","AURKA","4.08295461543593","8838","0.27288810260946483"
"2.860215053763441","1540.76952049982","3.223664715570312E-4","0.34962406015037595","0.8859180035650623","34","6","9787","false","0.308951478285023","1.25691259557482","DLGAP5","35.088235294117645","0","34","2.39175674392755E-4","0","4.73539010121904E-5","0.9699965313909122","false","0","DLGAP5","4.06831714336469","632","0.37729285262492096"
"2.8530465949820787","1596.15285454811","6.486592796120684E-4","0.3505025125628141","0.853781512605042","35","6","64151","false","0.287689654674684","1.04688558557173","NCAPG","35.142857142857146","0","35","0.00112150723799249","0","2.73761852599534E-4","0.9701121516938375","false","0","NCAPG","3.63894067291204","1070","0.3778801843317972"
"2.813620071684588","1969.63347540901","3.684225516641056E-4","0.3554140127388535","0.6111111111111112","9","6","6655","false","0.241013392201782","0.997462946321993","SOS2","26.11111111111111","0","9","1.83283149870478E-4","0","3.49400469036103E-5","0.970748063359926","false","0","SOS2","4.13862041942837","384","0.27485380116959063"
"2.111111111111111","2886.82910273229","0.07447996052474978","0.47368421052631576","0.18846153846153846","40","5","3845","false","0.276445928858253","0.719694331510857","KRAS","20.475","0","40","0.023582466122705","0","0.00923090607856876","0.9820788530465949","false","0","KRAS","2.60338191444258","48702","0.09170403587443947"
"2.917562724014337","2820.1850780873","0.002693379957596245","0.34275184275184273","0.39285714285714285","8","6","59345","false","0.341880110618366","1.09271853327072","GNB4","19.5","0","8","0.00464288728754597","0","0.00139248682666518","0.9690715689675107","false","0","GNB4","3.1962038718611","2512","0.2849264705882353"
"2.949820788530466","1568.17410170659","0.0019024474003420699","0.339003645200486","0.13186813186813187","14","6","22800","false","0.314415303499453","1.32512043859404","RRAS2","11.5","0","14","1.36551135716721E-4","0","2.50271691393785E-5","0.9685512776043473","false","0","RRAS2","4.21455452023297","1780","0.17142857142857143"
"3.3512544802867383","3742.71263201137","0.039202604957792424","0.2983957219251337","0.6428571428571429","8","5","5917","false","0.193176068399797","0.732481138007854","RARS1","8.5","0","8","6.58773682175099E-4","0","1.49571432486492E-4","0.9620765406405364","false","0","RARS1","3.7917799242705","23162","0.32211538461538464"
"4.089605734767025","6029.34876758773","0.0042416836770617404","0.24452234881682736","0.5555555555555556","9","6","4677","false","0.190850190636302","0.662412604437469","NARS1","6.666666666666667","0","9","0.00195975438446108","0","5.18811496734054E-4","0.9501676494392415","false","0","NARS1","3.47085115413802","3536","0.4166666666666667"
"2.85663082437276","2334.31459448099","3.8877874822453365E-4","0.35006273525721454","0.8369565217391305","24","6","2067","false","0.288124801469597","1.18267302461467","ERCC1","31.0","0","24","2.0854311406807E-4","0","4.04796433751779E-5","0.9700543415423749","false","0","ERCC1","4.10472482265454","1310","0.34444444444444444"
"2.8315412186379927","403.548096337336","1.8877795355852527E-4","0.3531645569620253","0.84","26","6","83990","false","0.411347448410941","2.72563773982674","BRIP1","31.076923076923077","0","26","7.08124573609557E-10","0","3.44624000944698E-11","0.970459012602613","false","0","BRIP1","6.62612044964917","282","0.33060556464811786"
"2.727598566308244","1770.95557250579","0.010254810319209983","0.36662286465177396","0.7777777777777778","37","6","9493","false","0.28213994873239","1.37591301257075","KIF23","33.4054054054054","0","37","8.38242697904858E-6","0","1.07873128317855E-6","0.9721355069950283","false","0","KIF23","4.87670398592084","6648","0.3178893178893179"
"2.817204301075269","2475.01226367259","0.002840160139786183","0.3549618320610687","0.7530364372469636","39","6","3832","false","0.287969138686353","0.863207209275868","KIF11","33.84615384615385","0","39","0.00829948417265078","0","0.00272142722258148","0.9706902532084634","false","0","KIF11","2.99756846589053","2420","0.3453689167974882"
"2.8422939068100357","2951.62344544918","3.23182661099464E-4","0.351828499369483","0.76","26","6","11073","false","0.286388548066305","1.04392271077898","TOPBP1","31.846153846153847","0","26","0.001096704810478","0","2.67259491144981E-4","0.9702855821482252","false","0","TOPBP1","3.64512728538742","480","0.33878887070376434"
"2.7885304659498207","254.806244092421","5.6969584152485E-4","0.35861182519280205","0.7578347578347578","27","6","580","false","0.476690498643702","1.96008902291607","BARD1","32.407407407407405","0","27","2.02939474064053E-4","0","3.92468485486962E-5","0.9711527344201643","false","0","BARD1","4.11186929148576","866","0.3177196804647785"
"2.3548387096774195","4165.78135421578","0.006203655817256867","0.4246575342465753","0.3508771929824561","19","5","4193","false","0.286734430290483","1.38558628254909","MDM2","32.89473684210526","0","19","1.02557298020516E-5","0","1.34965865079598E-6","0.9781477627471384","false","0","MDM2","4.83229823898509","6100","0.1695604991861096"
"2.587813620071685","1051.18805540295","0.03942314251478212","0.3864265927977839","0.6133004926108374","29","6","79728","false","0.195391463673753","0.782498239565557","PALB2","28.82758620689655","0","29","3.02764335263962E-4","0","6.20773570669393E-5","0.9743901029020696","false","0","PALB2","4.00477188129417","26514","0.22671734998642412"
"3.4444444444444446","521.967319320914","0.004324877794536219","0.29032258064516125","0.0","2","7","132949","false","0.183350664141579","1.1784666936427","AASDH","19.0","0","2","2.43950539186753E-9","0","1.29811286810641E-10","0.960573476702509","false","0","AASDH","6.42739255491711","2388","0.5"
"4.186379928315413","7274.66611256771","0.0020351045332849703","0.2388698630136986","0.7142857142857143","8","6","16","false","0.206450948638123","0.632475894895091","AARS1","7.125","0","8","0.00689013917650419","0","0.00218716704734705","0.9486067753497515","false","0","AARS1","3.06356497302284","2008","0.5089285714285714"
"3.053763440860215","3766.70853089509","6.731806753435599E-4","0.3274647887323944","0.3333333333333333","6","6","9821","false","0.238895613940426","1.21288483896041","RB1CC1","15.666666666666666","0","6","3.34667278973121E-6","0","3.83341184116388E-7","0.966874783211932","false","0","RB1CC1","5.07704942319648","410","0.2540983606557377"
"2.763440860215054","1113.95916488283","0.006608462656697664","0.36186770428015563","0.22727272727272727","12","6","5289","false","0.209725505551751","0.617087237253993","PIK3C3","15.5","0","12","0.00967147541456788","0","0.00325724544781305","0.9715574054804024","false","0","PIK3C3","2.94235665629007","4872","0.16312056737588654"
"2.946236559139785","7021.00994323556","8.452686874304326E-4","0.33941605839416056","0.5523809523809524","21","6","4173","false","0.294553081907894","0.75033976473524","MCM4","34.61904761904762","0","21","0.0270189716850078","0","0.010853397572989","0.9686090877558099","false","0","MCM4","2.54738385310756","970","0.38465608465608464"
"2.774193548387097","3459.3046710711","8.217665665530296E-4","0.36046511627906974","0.4666666666666667","10","6","2908","false","0.237423347859988","0.792574146015731","NR3C1","25.5","0","10","0.00301336963508923","0","8.43134114526293E-4","0.9713839750260146","false","0","NR3C1","3.3382316994499","700","0.2383177570093458"
"2.6917562724014337","3658.00716990634","0.005594432397291591","0.3715046604527297","0.225","16","5","4087","false","0.21249377776675","0.667239119153951","SMAD2","16.0","0","16","0.005507619797087","0","0.00168924341238405","0.9727136085096543","false","0","SMAD2","3.14004073985811","3830","0.1568627450980392"
"2.838709677419355","1504.36147366833","0.001318902958508687","0.35227272727272724","0.5","9","6","6009","false","0.19530747020358","1.21510896643709","RHEB","19.22222222222222","0","9","8.09532796981958E-9","0","4.9236725625856E-10","0.9703433922996879","false","0","RHEB","6.22151812816229","1038","0.23441734417344173"
"2.881720430107527","929.972616894586","5.47581559012181E-4","0.34701492537313433","0.3333333333333333","7","6","64750","false","0.233933493453419","2.17087092645065","SMURF2","18.285714285714285","0","7","1.14191696993837E-18","0","1.69695556251694E-20","0.9696496704821367","false","0","SMURF2","9.27986366724742","462","0.2239858906525573"
"2.8207885304659497","1290.60361200437","8.033123629103985E-4","0.3545108005082592","0.4444444444444444","10","6","2549","false","0.311356754750154","0.746662306560481","GAB1","20.2","0","10","0.0386543417075175","0","0.0164807016094405","0.9706324430570008","false","0","GAB1","2.39809252623934","522","0.2148936170212766"
"3.043010752688172","589.428641492654","1.7989564656056186E-5","0.3286219081272085","0.96","26","6","81930","false","0.321518044709128","1.78296970857572","KIF18A","35.15384615384615","0","26","3.26545104668871E-7","0","2.93160195081133E-8","0.9670482136663198","false","0","KIF18A","5.54547322589231","40","0.5169683257918553"
"2.9068100358422937","557.113576687063","1.3730733670910565E-5","0.34401972872996306","0.8666666666666667","6","6","1440","false","0.926251274347514","2.38116021760234","CSF3","24.666666666666668","0","6","0.0255304002042363","0","0.0101478631113498","0.9692449994218986","false","0","CSF3","2.57074973449264","8","0.32456140350877194"
"2.7992831541218637","2177.40137888877","0.001440164282271075","0.3572343149807939","0.46153846153846156","13","6","3552","false","0.737465022373033","1.72359645529132","IL1A","19.46153846153846","0","13","0.0445091118337596","0","0.0194292660583687","0.9709793039657764","false","0","IL1A","2.33719078600513","1280","0.2048582995951417"
"2.4551971326164876","1932.96866060916","0.01810826407927448","0.40729927007299266","0.2832512315270936","29","5","3553","false","0.649657850649666","1.52445424846485","IL1B","19.20689655172414","0","29","0.0435751899811882","0","0.0189481535435511","0.9765290785061856","false","0","IL1B","2.34654941357265","12874","0.13155408597071327"
"3.197132616487455","1862.39777362967","1.722858396936408E-5","0.312780269058296","0.8666666666666667","6","6","5610","false","0.312465407702303","2.06281700923662","EIF2AK2","20.166666666666668","0","6","8.24565453771365E-10","0","4.06345451378494E-11","0.9645623771534281","false","0","EIF2AK2","6.6017452120714","22","0.3954248366013072"
"2.240143369175627","1455.12560917","0.03347146062060598","0.4464","0.22522522522522523","37","5","5290","false","0.300128366113863","1.10654855537128","PIK3CA","21.324324324324323","0","37","9.48741901850634E-4","0","2.26986814940773E-4","0.9799976875939415","false","0","PIK3CA","3.68691760028931","27380","0.10609116579265833"
"2.849462365591398","5413.7237867859","0.002047490837028548","0.35094339622641507","0.21818181818181817","11","6","5908","false","0.239788081595881","1.1926547862235","RAP1B","16.636363636363637","0","11","5.36381202824908E-6","0","6.56575295256514E-7","0.9701699618453","false","0","RAP1B","4.97378676323662","1050","0.176930596285435"
"2.881720430107527","1286.48753586001","0.0018668295806064624","0.34701492537313433","0.4090909090909091","12","6","200576","false","0.276789469478725","1.54323593137616","PIKFYVE","13.833333333333334","0","12","2.80208938684882E-7","0","2.46839147804832E-8","0.9696496704821367","false","0","PIKFYVE","5.57548643119452","2578","0.17735042735042736"
"3.053763440860215","10390.5001136484","0.004683459825330147","0.3274647887323944","0.21978021978021978","14","6","7414","false","0.27326982970409","0.689236070483349","VCL","12.857142857142858","0","14","0.0287058830552242","0","0.011662956061044","0.966874783211932","false","0","VCL","2.5221813590973","2110","0.1559233449477352"
"3.007168458781362","39.9787470964787","0.001298204994378848","0.33253873659118","0.3333333333333333","4","6","5593","false","0.566790957767998","1.34759598707367","PRKG2","16.75","0","4","0.0405852174567056","0","0.0174262337031958","0.9676263151809458","false","0","PRKG2","2.37758907160491","1002","0.3"
"2.960573476702509","958.422446772357","4.654878423408554E-4","0.33777239709443097","0.06666666666666667","6","6","9693","false","0.261572889076415","1.50358051835204","RAPGEF2","19.0","0","6","1.12626165776034E-7","0","9.01837544361254E-9","0.9683778471499596","false","0","RAPGEF2","5.74822766862812","448","0.3160919540229885"
"2.716845878136201","305.732214959596","0.004674799100216692","0.3680738786279683","0.3235294117647059","17","6","2247","false","0.6381115794692","2.64098198153693","FGF2","19.0","0","17","1.83231661401156E-4","0","3.49208742901191E-5","0.9723089374494162","false","0","FGF2","4.13874636742022","4324","0.17117117117117117"
"2.867383512544803","17462.3755828925","0.001330383696514419","0.34875","0.5","8","5","7057","false","0.59749585586436","2.06459425395676","THBS1","19.0","0","8","0.002059606749991","0","5.49452847612756E-4","0.969880911087987","false","0","THBS1","3.4554118387483","1360","0.2345679012345679"
"2.960573476702509","1822.37007913251","1.0891527733173132E-4","0.33777239709443097","0.7619047619047619","7","6","55300","false","0.232541488156374","1.0540261288324","PI4K2B","18.571428571428573","0","7","3.73866143570468E-5","0","5.825190010467E-6","0.9683778471499596","false","0","PI4K2B","4.53263689498543","112","0.2653061224489796"
"2.8960573476702507","135.588241866397","6.070063543132928E-4","0.3452970297029703","0.26666666666666666","6","6","5924","false","0.537008397053018","1.23031469938492","RASGRF2","24.666666666666668","0","6","0.0494796391400913","0","0.0219603484713785","0.9694184298762862","false","0","RASGRF2","2.29105300054267","514","0.31601731601731603"
"2.845878136200717","1220.16255356197","5.165609226570477E-4","0.3513853904282116","0.8523809523809524","36","6","1062","false","0.318839781077464","2.33046285802933","CENPE","35.47222222222222","0","36","7.90168927056321E-12","0","2.68742981012925E-13","0.9702277719967626","false","0","CENPE","7.30919727191483","1208","0.37736406619385343"
"3.4301075268817205","3352.91462504468","2.0103470601971472E-4","0.29153605015673983","0.16666666666666666","4","6","8829","false","0.381556478837085","1.31638572424876","NRP1","14.0","0","4","0.00209620215346496","0","5.60500177486598E-4","0.9608047173083594","false","0","NRP1","3.45004159871918","116","0.38571428571428573"
"2.953405017921147","475.664571256471","1.969350498004643E-4","0.33859223300970875","0.7720588235294118","17","6","56852","false","0.271487201697703","1.54284471987473","RAD18","30.705882352941178","0","17","1.59647429037468E-7","0","1.32400891000331E-8","0.9684934674528847","false","0","RAD18","5.68293720745137","614","0.38382352941176473"
"2.802867383512545","2829.06646554923","4.7121114153139985E-4","0.3567774936061381","0.7566137566137566","28","6","4683","false","0.217406316621104","1.07881911373833","NBN","30.142857142857142","0","28","5.66018951674499E-6","0","6.96901078790326E-7","0.9709214938143138","false","0","NBN","4.96222524950138","644","0.31075110456553756"
"2.860215053763441","1469.94659113528","0.004393724545416107","0.34962406015037595","0.38095238095238093","7","6","5565","false","0.319375781058656","0.83269083557135","PRKAB2","15.571428571428571","0","7","0.0233393729070439","0","0.00912740872853345","0.9699965313909122","false","0","PRKAB2","2.60724477232173","3416","0.22567287784679088"
"3.3548387096774195","669.377864489692","9.605340615049429E-4","0.2980769230769231","0.5333333333333333","6","6","5576","false","0.400616550604837","1.60475809193953","PRKAR2A","9.333333333333334","0","6","3.01717431886722E-4","0","6.1828619174181E-5","0.9620187304890739","false","0","PRKAR2A","4.00572090573073","506","0.3010752688172043"
"2.860215053763441","4406.45617791702","0.00299116808327094","0.34962406015037595","0.8574712643678161","30","6","54443","false","0.354363588100726","1.78169814803856","ANLN","35.03333333333333","0","30","4.17688716200189E-6","0","4.95928028375774E-7","0.9699965313909122","false","0","ANLN","5.02788155404983","1808","0.3645833333333333"
"2.8960573476702507","2085.5294195038","0.0017460122529719634","0.3452970297029703","0.509090909090909","11","6","5286","false","0.257166851692125","1.86598538124772","PIK3C2A","17.09090909090909","0","11","1.14092007569925E-11","0","3.98903253470382E-13","0.9694184298762862","false","0","PIK3C2A","7.25593274937956","2426","0.20842572062084258"
"3.3297491039426523","273.790053095968","0.0022294871875988744","0.30032292787944026","0.3055555555555556","9","6","775","false","0.515990478703323","2.27369030510285","CACNA1C","8.444444444444445","0","9","6.27117783963046E-5","0","1.0507473440827E-5","0.962423401549312","false","0","CACNA1C","4.40645786878976","952","0.2111111111111111"
"2.813620071684588","411.631703184806","8.554879889242575E-4","0.3554140127388535","0.7169230769230769","26","6","57697","false","0.272566663871954","2.01925296353605","FANCM","30.5","0","26","3.94532710324582E-12","0","1.27938040576095E-13","0.970748063359926","false","0","FANCM","7.40829026870525","1834","0.30808080808080807"
"2.878136200716846","235.686000396327","9.772546951732745E-4","0.34744707347447074","0.4722222222222222","9","6","2252","false","0.619009651055894","1.76712374930281","FGF7","18.666666666666668","0","9","0.0122531641587081","0","0.00430694152305116","0.9697074806335992","false","0","FGF7","2.85475960881787","1064","0.23045267489711935"
"3.089605734767025","1749.79490482438","7.483993601580782E-4","0.3236658932714617","0.16666666666666666","4","6","324","false","0.285780184675276","1.55274604644797","APC","20.0","0","4","5.76343414415023E-7","0","5.53033028130849E-8","0.966296681697306","false","0","APC","5.43335797830879","312","0.2826086956521739"
"2.6559139784946235","18490.2994981246","0.008531089490717176","0.3765182186234818","0.2222222222222222","10","6","8826","false","0.248832231437792","0.967771926374942","IQGAP1","23.1","0","10","4.64939770474953E-4","0","1.00552544579789E-4","0.9732917100242803","false","0","IQGAP1","3.88925470299005","4898","0.17037037037037037"
"3.379928315412186","2370.49025016024","1.0879039492685471E-4","0.295864262990456","0.0","3","6","23433","false","0.289172613820375","0.745575125003506","RHOQ","12.0","0","3","0.0250997431135801","0","0.00992863906433417","0.9616140594288357","false","0","RHOQ","2.57830475422072","80","0.3793103448275862"
"2.960573476702509","696.571278260824","7.003079734562593E-5","0.33777239709443097","0.9466666666666667","25","6","10733","false","0.286109717139762","1.05539633073975","PLK4","36.72","0","25","9.43025923333743E-4","0","2.25330318418884E-4","0.9683778471499596","false","0","PLK4","3.6887818466655","274","0.4220689655172414"
"2.6164874551971327","1703.20486706178","0.006130624398001439","0.3821917808219178","0.2948717948717949","13","6","5921","false","0.263777470490955","0.88775212441807","RASA1","26.076923076923077","0","13","0.00276181420594409","0","7.639556843382E-4","0.9739276216903688","false","0","RASA1","3.36553429967217","4222","0.18108974358974358"
"1.985663082437276","10174.3561862874","0.1483343634957052","0.503610108303249","0.13590692755156003","62","5","1956","false","0.577441576655445","2.24132922999109","EGFR","17.70967741935484","0","62","4.78249150217858E-4","0","1.03821731057916E-4","0.9841022083477858","false","0","EGFR","3.88148224963799","76542","0.07529169526424159"
"2.982078853046595","1.19312109194048","0.0","0.33533653846153844","0.0","1","6","6554","false","0.912867746962205","3.75267512556822","SLC10A1","62.0","0","1","2.03556437617199E-4","0","3.94181396917792E-5","0.968030986241184","false","0","SLC10A1","4.11086396474865","0","0.0"
"3.247311827956989","1213.85341644203","0.0018157947119566292","0.3079470198675497","0.13333333333333333","6","6","6801","false","0.40967147396172","2.31374483381763","STRN","9.0","0","6","1.92863490398794E-7","0","1.62508813787156E-8","0.9637530350329517","false","0","STRN","5.64780557318918","870","0.21138211382113822"
"2.974910394265233","15507.4069109299","9.048908152049467E-4","0.336144578313253","0.5238095238095238","7","6","908","false","0.327396215212105","1.06246830635899","CCT6A","19.571428571428573","0","7","0.00400252755028811","0","0.00117365505023768","0.9681466065441092","false","0","CCT6A","3.2452064409806","710","0.2815734989648033"
"2.2437275985663083","1428.43071583923","0.04228438283374679","0.4456869009584664","0.3996299722479186","47","5","472","false","0.300977512460663","2.03878710479169","ATM","28.680851063829788","0","47","2.78027147091813E-10","0","1.25369201757773E-11","0.9799398774424789","false","0","ATM","6.7738851588062","33844","0.14708128750681942"
"3.6774193548387095","1388.4769855012","0.0013980340841315531","0.2719298245614035","0.8333333333333334","4","6","38","false","0.292094062427157","0.809303232598745","ACAT1","6.5","0","4","0.0153497488635263","0","0.00559369869727932","0.9568158168574401","false","0","ACAT1","2.77069388495554","1796","0.43333333333333335"
"3.6344086021505375","2057.94514825124","0.0064779569427869796","0.27514792899408286","0.4","6","6","1737","false","0.227536521911318","1.15344218244887","DLAT","5.666666666666667","0","6","3.46644576373312E-6","0","3.99361742568783E-7","0.9575095386749913","false","0","DLAT","5.06926172888596","5748","0.275"
"4.125448028673835","730.669298361978","0.0019025819805230714","0.24239791485664638","0.6111111111111112","9","6","79731","false","0.277706572820094","0.835709047515431","NARS2","6.666666666666667","0","9","0.00801492918193892","0","0.00261829751694736","0.9495895479246156","false","0","NARS2","3.00932397468614","1460","0.47619047619047616"
"3.3942652329749103","1093.25059144905","7.209467128004722E-5","0.2946145723336853","0.8","6","6","3672","false","0.450224338658685","1.5912841368084","ITGA1","13.0","0","6","0.00159252697188923","0","4.08663468171963E-4","0.9613828188229854","false","0","ITGA1","3.53442495256737","48","0.34210526315789475"
"3.4444444444444446","9376.73014902933","0.0","0.29032258064516125","1.0","4","6","3912","false","0.349402267063013","0.984522046167414","LAMB1","14.5","0","4","0.0135333832498452","0","0.00483641180586338","0.960573476702509","false","0","LAMB1","2.81773227873722","0","0.48333333333333334"
"2.7347670250896057","1294.80699362987","0.002291310043043833","0.3656618610747051","0.7894736842105263","38","6","701","false","0.310164585810431","1.1951305035258","BUB1B","36.10526315789474","0","38","5.2906007566386E-4","0","1.16577447906132E-4","0.9720198866921032","false","0","BUB1B","3.85321393286418","4168","0.347165991902834"
"2.738351254480287","908.565309260345","0.0026673781297972174","0.36518324607329844","0.6620689655172414","30","6","2177","false","0.306038514216825","0.949340556817849","FANCD2","30.0","0","30","0.00616685989134336","0","0.00192198682038957","0.9719620765406406","false","0","FANCD2","3.10202968814981","3654","0.2803738317757009"
"2.4516129032258065","179.961374069589","0.07383714337819129","0.40789473684210525","0.3333333333333333","16","5","5468","false","0.662759336111007","1.60497669900444","PPARG","22.625","0","16","0.0366004471449876","0","0.0154498670258639","0.9765868886576483","false","0","PPARG","2.42165837817126","42948","0.15560344827586206"
"3.2222222222222223","623.700766585549","0.007168458781362007","0.3103448275862069","0.3333333333333333","3","5","57678","false","0.253133961286118","1.45571050108223","GPAM","9.0","0","3","1.11241335629273E-7","0","8.88476401410393E-9","0.96415770609319","false","0","GPAM","5.75075147438172","2676","0.3611111111111111"
"2.870967741935484","609.304347761421","2.506553717198105E-5","0.348314606741573","0.9333333333333333","21","6","84464","false","0.216790133359085","0.651748204992375","SLX4","32.523809523809526","0","21","0.00808475173990365","0","0.00264399704536528","0.9698231009365244","false","0","SLX4","3.00635547796282","42","0.36543606206527557"
"2.881720430107527","2614.02036485421","0.00316999335687378","0.34701492537313433","0.5274725274725275","14","6","330","false","0.664675518451489","5.21426639973075","BIRC3","17.0","0","14","1.67778512494796E-13","0","4.33540635902191E-15","0.9696496704821367","false","0","BIRC3","7.84482992826117","1870","0.18085106382978725"
"2.967741935483871","407.425729300582","0.002471387365854245","0.33695652173913043","0.34545454545454546","11","6","5966","false","0.444561980281586","2.12053649519315","REL","16.90909090909091","0","11","1.35861632961277E-5","0","1.84275608796422E-6","0.9682622268470343","false","0","REL","4.76994567517898","1558","0.23106060606060605"
"2.738351254480287","3375.13561853754","0.0025293232807121237","0.36518324607329844","0.4","6","6","5584","false","0.245545906610945","1.28516688315421","PRKCI","28.666666666666668","0","6","1.57448235482079E-6","0","1.65955039339705E-7","0.9719620765406406","false","0","PRKCI","5.23391695219947","1684","0.23553719008264462"
"2.8637992831541217","1279.3203700633","0.0012475996822104683","0.3491864831038799","0.7883064516129032","32","6","4085","false","0.309015978729301","0.97381808569393","MAD2L1","34.96875","0","32","0.0053208484241895","0","0.00162516568405053","0.9699387212394497","false","0","MAD2L1","3.15135188056731","1830","0.37600806451612906"
"2.4372759856630823","1743.74578954717","0.02105221461798874","0.41029411764705886","0.39166666666666666","16","5","253260","false","0.263149846146263","2.00044346772135","RICTOR","25.75","0","16","1.00413441772717E-12","0","2.91774325240916E-14","0.9768181292634986","false","0","RICTOR","7.6019176792886","14326","0.15856481481481483"
"2.74910394265233","401.507246721425","0.003230906693516531","0.363754889178618","0.4444444444444444","18","6","7098","false","0.531229444033447","1.75342997268864","TLR3","18.833333333333332","0","18","0.00338078135319822","0","9.64433345894767E-4","0.9717886460862527","false","0","TLR3","3.30070178221944","3124","0.17767295597484276"
"2.4444444444444446","17199.3544803337","0.012300203600946446","0.40909090909090906","0.21568627450980393","18","5","4869","false","0.233857419123461","1.64866624098801","NPM1","24.5","0","18","4.55408430108689E-11","0","1.79074911236692E-12","0.9767025089605735","false","0","NPM1","7.04987785791659","8174","0.14517195767195767"
"2.992831541218638","973.960001709429","1.4687357590773128E-4","0.3341317365269461","0.7619047619047619","7","6","81570","false","0.307408285997302","0.81345748905183","CLPB","20.285714285714285","0","7","0.0211644238440299","0","0.00814066185237633","0.9678575557867962","false","0","CLPB","2.64617944962931","132","0.3120879120879121"
"3.021505376344086","11952.7739386183","0.003963569734629893","0.3309608540925267","0.5555555555555556","10","6","3313","false","0.178855818118176","0.847241977713063","HSPA9","14.1","0","10","1.56839236315165E-5","0","2.16893397988697E-6","0.9673950745750953","false","0","HSPA9","4.73701099929139","1994","0.23333333333333334"
"3.060931899641577","29097.8138044597","0.0","0.3266978922716628","1.0","3","6","821","false","0.209055764994317","0.993613561164866","CANX","28.666666666666668","0","3","1.4626735484563E-5","0","2.00555534552403E-6","0.9667591629090069","false","0","CANX","4.75286372127492","0","0.5029239766081871"
"2.8530465949820787","1525.93480239278","1.9336789493444738E-4","0.3505025125628141","0.9055258467023173","34","6","9833","false","0.35039194945717","1.00389242460105","MELK","35.970588235294116","0","34","0.0119206318706088","0","0.00416936000826267","0.9701121516938375","false","0","MELK","2.86505562172958","680","0.38266583229036294"
"2.7670250896057347","672.952391848145","0.0012952509480529473","0.36139896373056996","0.7045454545454546","33","6","7486","false","0.285470528189925","1.33429647151468","WRN","28.757575757575758","0","33","2.04512055105343E-5","0","2.95352921988514E-6","0.9714995953289397","false","0","WRN","4.67402530122817","1414","0.2875757575757576"
"3.247311827956989","1339.26123826753","1.1194439196390668E-4","0.3079470198675497","0.5","4","6","1073","false","0.451414968252462","1.08114137947028","CFL2","15.25","0","4","0.0389533233960461","0","0.0166201111721972","0.9637530350329517","false","0","CFL2","2.39500560571937","132","0.38125"
"2.587813620071685","1578.61208166069","0.010627613509495672","0.3864265927977839","0.225","16","6","7248","false","0.176262898990687","0.94887959053993","TSC1","17.5625","0","16","7.44551400134794E-7","0","7.31243665475348E-8","0.9743901029020696","false","0","TSC1","5.38332000649816","6046","0.12962962962962962"
"2.7562724014336917","5638.22746911204","0.0015568034846200152","0.36280884265279584","0.8555555555555555","36","6","22974","false","0.308121418546936","1.15228680039299","TPX2","35.52777777777778","0","36","7.91302662240848E-4","0","1.84227802939231E-4","0.9716730257833276","false","0","TPX2","3.73971665399646","3062","0.35176017601760173"
"2.6236559139784945","2346.93456354865","0.008715495999741895","0.3811475409836066","0.30409356725146197","19","5","1398","false","0.214002397088501","0.720848619798058","CRK","19.05263157894737","0","19","0.00273749855570765","0","7.56020436588039E-4","0.9738120013874436","false","0","CRK","3.36841376360823","6430","0.14285714285714285"
"2.78494623655914","1879.61343699781","0.008308294381994537","0.359073359073359","0.7761904761904762","36","6","332","false","0.374210423677702","0.865322018323013","BIRC5","34.361111111111114","0","36","0.0471129458893398","0","0.0207559689606442","0.9712105445716268","false","0","BIRC5","2.31239421344471","4558","0.3211318795430945"
"3.5376344086021505","2691.97442925185","0.024017190552539203","0.2826747720364742","0.0","3","6","4907","false","0.610798879845949","2.04955071380015","NT5E","7.666666666666667","0","3","0.002848292475527","0","7.92145890190994E-4","0.9590704127644815","false","0","NT5E","3.35552467666128","11138","0.3333333333333333"
"4.340501792114695","486.261414796939","0.011940273253025773","0.23038810900082576","0.0","3","7","140838","false","0.221644920555149","0.671048246351555","NANP","2.6666666666666665","0","3","0.00761888602423427","0","0.00246518546877481","0.9461209388368598","false","0","NANP","3.02758233606615","5286","0.3333333333333333"
"2.7347670250896057","1489.28573874229","0.004666471028416905","0.3656618610747051","0.7611336032388664","39","6","699","false","0.292930092493408","1.13793479900699","BUB1","34.43589743589744","0","39","4.72586487743617E-4","0","1.02471771369594E-4","0.9720198866921032","false","0","BUB1","3.88466336565471","4416","0.33735545500251385"
"2.401433691756272","7480.81316400026","0.022305356307101367","0.4164179104477612","0.23015873015873015","28","6","3308","false","0.199679584045635","0.645547991185984","HSPA4","19.25","0","28","0.00415412838278754","0","0.00122532149622004","0.9773962307781247","false","0","HSPA4","3.23291935062549","13676","0.106353591160221"
"2.849462365591398","364.771680369985","0.0013523158322689781","0.35094339622641507","0.5357142857142857","8","6","5581","false","0.290855443069539","0.839359257079404","PRKCE","24.625","0","8","0.01127505604373","0","0.00390383413218719","0.9701699618453","false","0","PRKCE","2.88582963489091","1514","0.27982954545454547"
"2.946236559139785","9075.56549644421","0.0032006109697693907","0.33941605839416056","0.19047619047619047","7","6","3799","false","0.223986988316169","1.32411941276751","KIF5B","20.142857142857142","0","7","4.62468233999905E-8","0","3.38819465657822E-9","0.9686090877558099","false","0","KIF5B","5.91159077016761","1764","0.2247191011235955"
"4.218637992831542","3645.92413031824","0.0","0.2370433305012744","0.0","1","6","2820","false","0.299125019222009","0.798820775820925","GPD2","3.0","0","1","0.0198820127367125","0","0.00757327816377992","0.9480864839865881","false","0","GPD2","2.6705247788987","0","0.0"
"2.860215053763441","557.38409916311","4.168793896604395E-4","0.34962406015037595","0.8142292490118577","23","6","2072","false","0.240506451855477","1.22093177163781","ERCC4","30.73913043478261","0","23","3.35480790675305E-6","0","3.84444333712279E-7","0.9699965313909122","false","0","ERCC4","5.07650319656073","1366","0.34154589371980676"
"3.1039426523297493","1828.26461121777","0.0032854226494128855","0.3221709006928406","0.10714285714285714","8","7","5519","false","0.253096242554608","0.878441837056049","PPP2R1B","9.0","0","8","0.00195988238790861","0","5.1894546937525E-4","0.9660654410914556","false","0","PPP2R1B","3.47078181876413","1820","0.16911764705882354"
"2.4086021505376345","16429.0511900777","0.011843650194603055","0.4151785714285714","0.5289855072463768","24","5","5591","false","0.285646235989354","1.20812861918898","PRKDC","33.75","0","24","1.29071227673185E-4","0","2.3425551177127E-5","0.9772806104751994","false","0","PRKDC","4.22945751413298","11240","0.19736842105263158"
"2.5949820788530467","5461.3517737019","0.0023377660550688724","0.38535911602209943","0.4666666666666667","16","5","4233","false","0.373728163077913","1.24976671733824","MET","26.125","0","16","0.00295624167138662","0","8.25640164478266E-4","0.9742744825991444","false","0","MET","3.3440528191548","1992","0.1906934306569343"
"2.838709677419355","1644.70091692053","0.0025491730027417977","0.35227272727272724","0.3611111111111111","9","6","9475","false","0.365860967965114","2.01633033183177","ROCK2","19.666666666666668","0","9","3.87089390547834E-7","0","3.5641005574392E-8","0.9703433922996879","false","0","ROCK2","5.5111927983092","1776","0.1891025641025641"
"4.476702508960574","29.6679340929183","0.0011046152358660905","0.2233787029623699","0.6","5","7","2653","false","0.311321130974626","6.8660441810094","GCSH","6.6","0","5","1.69201317573087E-104","0","8.64065558028224E-108","0.9439241530812811","false","0","GCSH","22.0545395023925","236","0.4266666666666667"
"4.487455197132617","13.0206524095859","4.542845794343046E-5","0.2228434504792332","0.9","5","7","29958","false","0.602363003879774","3.25441603273367","DMGDH","6.4","0","5","6.75309543541265E-7","0","6.56273139290689E-8","0.9437507226268933","false","0","DMGDH","5.40274886035866","40","0.49230769230769234"
"2.795698924731183","3362.36733355635","0.002137052918406403","0.35769230769230764","0.5","8","6","27436","false","0.209059895643841","1.01150517134103","EML4","26.875","0","8","9.98710503534524E-6","0","1.30920736521965E-6","0.9710371141172389","false","0","EML4","4.83835107745509","1986","0.2660891089108911"
"2.881720430107527","550.17921495857","1.0333079032379527E-4","0.34701492537313433","0.9397849462365592","31","6","56992","false","0.356519213150739","1.19837254340538","KIF15","35.83870967741935","0","31","0.00279542458592777","0","7.75729608820931E-4","0.9696496704821367","false","0","KIF15","3.36131265637764","410","0.39383197447713575"
"3.4516129032258065","7335.58388258379","2.563972563202603E-4","0.2897196261682243","0.6","5","6","2200","false","0.637576445729644","1.80897089075755","FBN1","11.6","0","5","0.0128334654897216","0","0.00455023750868843","0.9604578563995837","false","0","FBN1","2.8372611674626","126","0.3515151515151515"
"2.792114695340502","839.887442188219","3.501507824056466E-4","0.3581514762516046","0.7655913978494624","31","6","4361","false","0.238535270470998","1.49581001432244","MRE11","30.64516129032258","0","31","6.09465743749325E-9","0","3.59168352715106E-10","0.9710949242687016","false","0","MRE11","6.27081274550676","628","0.3064516129032258"
"2.860215053763441","1391.58559467296","0.006008907099620187","0.34962406015037595","0.3238095238095238","15","6","29110","false","0.20897995702681","0.738356434261507","TBK1","17.733333333333334","0","15","0.0015980328348718","0","4.10647596010362E-4","0.9699965313909122","false","0","TBK1","3.53314473199353","4678","0.19487179487179487"
"2.132616487455197","56867.8743917615","0.08422755560558116","0.4689075630252101","0.16400709219858156","48","5","3320","false","0.22998996386987","0.675895590706469","HSP90AA1","20.854166666666668","0","48","0.00975784800731534","0","0.00329480599654627","0.9817319921378195","false","0","HSP90AA1","2.93880471710015","52346","0.09227507374631268"
"3.050179211469534","774.174214389855","9.944787633255126E-5","0.327849588719154","0.6666666666666666","4","6","197259","false","0.314056701284923","0.764303301201885","MLKL","23.0","0","4","0.0355653483746346","0","0.0149475445369851","0.9669325933633947","false","0","MLKL","2.43364748491224","146","0.3709677419354839"
"2.827956989247312","575.633799284789","4.8027105414772287E-4","0.3536121673003802","0.792022792022792","27","6","5889","false","0.257731358883362","0.673320105767965","RAD51C","30.296296296296298","0","27","0.0230687313574568","0","0.00898858238471022","0.9705168227540756","false","0","RAD51C","2.61248809103079","1376","0.322301024428684"
"2.921146953405018","209.960285448226","0.0010567787906378466","0.3423312883435583","0.5111111111111111","10","6","114548","false","0.562691281797279","1.99636049305887","NLRP3","17.6","0","10","0.00152153008719675","0","3.88346817271442E-4","0.969013758816048","false","0","NLRP3","3.54787884163115","1148","0.23466666666666666"
"2.3727598566308243","3183.35571653019","0.01535984884985543","0.4214501510574018","0.28095238095238095","21","5","2309","false","0.255295936831985","0.933845254591257","FOXO3","24.80952380952381","0","21","0.00104900871648549","0","2.54297026716198E-4","0.9778587119898254","false","0","FOXO3","3.65789313445219","11530","0.13531095498308612"
"2.996415770609319","15161.128390832","2.7481909216336E-4","0.33373205741626794","0.6666666666666666","9","6","3329","false","0.249326548876978","1.11160391142605","HSPD1","17.11111111111111","0","9","5.06504979713339E-5","0","8.25637777165242E-6","0.9677997456353336","false","0","HSPD1","4.45842577307937","148","0.24798711755233493"
"2.5197132616487457","5530.90069511364","0.016683087078084656","0.3968705547652916","0.30303030303030304","22","5","5747","false","0.214612629432044","0.610185243186734","PTK2","22.0","0","22","0.0126366966035268","0","0.00446639383518844","0.975488495779859","false","0","PTK2","2.8431935473767","16434","0.14539434075857918"
"2.7885304659498207","1824.82175104777","0.001523333481230471","0.35861182519280205","0.6451612903225806","32","6","545","false","0.249667542678033","1.70313219454487","ATR","29.96875","0","32","2.02877291841494E-10","0","9.00318489481453E-12","0.9711527344201643","false","0","ATR","6.82160034210452","2894","0.2996875"
"2.7885304659498207","2436.80928055322","0.0022958233963420913","0.35861182519280205","0.3611111111111111","9","6","4771","false","0.200319866887033","1.21669411313588","NF2","18.555555555555557","0","9","1.87638927581928E-8","0","1.24952079239523E-9","0.9711527344201643","false","0","NF2","6.07375659760204","2240","0.18191721132897604"
"3.2329749103942653","1761.08946070657","2.3371872675107387E-4","0.3093126385809313","0.6","6","6","64398","false","0.237944691043202","1.31786802511482","MPP5","13.333333333333334","0","6","3.38374913530741E-7","0","3.04990155439566E-8","0.9639842756388022","false","0","MPP5","5.53854771601333","176","0.2564102564102564"
"2.8960573476702507","10747.1742616388","5.186554082444876E-4","0.3452970297029703","0.42857142857142855","7","6","3146","false","0.200783840597616","1.20512265793931","HMGB1","22.428571428571427","0","7","2.82134055475501E-8","0","1.94793812175915E-9","0.9694184298762862","false","0","HMGB1","6.0020898810998","392","0.2768959435626102"
"2.949820788530466","4126.57441541037","0.0015119008481286813","0.339003645200486","0.16666666666666666","4","6","1739","false","0.255010429613716","0.840290341654499","DLG1","19.75","0","4","0.00343949367945423","0","9.83791446155812E-4","0.9685512776043473","false","0","DLG1","3.29512146984479","966","0.2711267605633803"
"3.6379928315412187","2005.22955679408","6.281109050506436E-5","0.2748768472906404","0.6","6","7","8898","false","0.225309755008019","1.15189773027055","MTMR2","10.5","0","6","2.83614245325472E-6","0","3.17910973592795E-7","0.9574517285235288","false","0","MTMR2","5.11250713591853","58","0.4772727272727273"
"2.921146953405018","59621.0849846608","0.0","0.3423312883435583","1.0","2","6","302","false","0.279435231420614","0.862775960466745","ANXA2","44.5","0","2","0.00644115144242822","0","0.00201799939226316","0.969013758816048","false","0","ANXA2","3.08757044013562","0","0.577922077922078"
"2.78494623655914","2677.27393954314","0.007934115077462858","0.359073359073359","0.2777777777777778","9","6","5562","false","0.233604216243784","0.992007882647738","PRKAA1","15.444444444444445","0","9","1.20673787537326E-4","0","2.17104357825554E-5","0.9712105445716268","false","0","PRKAA1","4.24653244106048","5320","0.18699186991869918"
"2.7992831541218637","563.130558799867","5.272766282540594E-4","0.3572343149807939","0.7290322580645161","31","6","641","false","0.29813505298131","1.38040997332316","BLM","29.93548387096774","0","31","2.46648947734822E-5","0","3.65401183422897E-6","0.9709793039657764","false","0","BLM","4.6301498583251","766","0.3054641211323239"
"2.982078853046595","1345.63026994899","0.0010355559890241426","0.33533653846153844","0.4666666666666667","10","6","8871","false","0.307102731149616","1.08173353102347","SYNJ2","14.9","0","10","0.00165643462181011","0","4.27685295060356E-4","0.968030986241184","false","0","SYNJ2","3.52238329816892","942","0.21594202898550724"
"2.7240143369175627","5881.26477294378","0.007952413346624028","0.36710526315789477","0.19230769230769232","13","6","7082","false","0.283012832637598","0.903944394489412","TJP1","17.692307692307693","0","13","0.00467600900306515","0","0.00140313700857986","0.9721933171464909","false","0","TJP1","3.19400497166475","5030","0.15250836120401337"
"3.4946236559139785","367.252854538271","2.782222856551904E-4","0.28615384615384615","0.3333333333333333","3","6","287","false","0.654420258370281","2.37681751532311","ANK2","11.666666666666666","0","3","0.00114948028366154","0","2.81294531677363E-4","0.9597641345820327","false","0","ANK2","3.63194367063477","136","0.39080459770114945"
"5.365591397849462","2682.936452178","9.618344727132402E-4","0.18637274549098198","0.0","2","8","6675","false","0.229610350565743","0.65773920764532","UAP1","2.5","0","2","0.0119347371094922","0","0.00417551240614497","0.929587235518557","false","0","UAP1","2.86458866520912","426","0.5"
"4.49820788530466","3680.44816899746","0.006992346431340489","0.22231075697211156","0.3333333333333333","3","7","2673","false","0.239435438892864","1.06295723371232","GFPT1","5.666666666666667","0","3","5.47709287330643E-5","0","9.01968092289174E-6","0.9435772921725055","false","0","GFPT1","4.43943151701924","4646","0.4444444444444444"
"3.5555555555555554","942.717718921834","0.01820622523026288","0.28125","0.2","6","6","5471","false","0.251742594927341","1.01420727650361","PPAT","6.333333333333333","0","6","2.77357466280797E-4","0","5.60748753449941E-5","0.9587813620071685","false","0","PPAT","4.02874720822011","12598","0.24"
"2.5125448028673834","3444.1858555856","0.003446249544409977","0.3980028530670471","0.5164835164835165","14","5","4763","false","0.262514822433653","1.60878147146977","NF1","33.07142857142857","0","14","1.36916300543163E-8","0","8.87977232610645E-10","0.9756041160827842","false","0","NF1","6.12834527420397","3722","0.211996336996337"
"2.8207885304659497","327.161878775645","2.581325226035529E-4","0.3545108005082592","0.8029556650246306","29","6","1763","false","0.305263558133189","1.62003925742008","DNA2","30.275862068965516","0","29","1.09377551224045E-6","0","1.11433058263696E-7","0.9706324430570008","false","0","DNA2","5.30701819544814","352","0.3220836390315481"
"2.3870967741935485","1300.67451909362","0.01876505620944572","0.4189189189189189","0.31620553359683795","23","6","841","false","0.245697665869764","1.1598074722057","CASP8","22.26086956521739","0","23","1.68350086393764E-5","0","2.35304967041024E-6","0.977627471383975","false","0","CASP8","4.7204659763454","12150","0.11594202898550725"
"2.806451612903226","210.479833073352","8.779908123698975E-4","0.3563218390804597","0.6834677419354839","32","6","5893","false","0.294339433966291","1.1994297127431","RAD52","28.25","0","32","2.33212886415647E-4","0","4.60166853515637E-5","0.9708636836628513","false","0","RAD52","4.07498817464081","1966","0.29736842105263156"
"3.3620071684587813","1278.47298193751","1.3260061255238007E-4","0.2974413646055437","0.6410256410256411","13","7","5980","false","0.29596486766928","2.01290566276411","REV3L","28.153846153846153","0","13","2.32512847671899E-10","0","1.03777054879604E-11","0.9619031101861487","false","0","REV3L","6.80116420106115","122","0.4021978021978022"
"2.8207885304659497","4258.29853417143","0.0041233428181399745","0.3545108005082592","0.23636363636363636","11","6","7048","false","0.407083422234895","1.56996159858403","TGFBR2","15.454545454545455","0","11","5.2320680018795E-4","0","1.14970833480173E-4","0.9706324430570008","false","0","TGFBR2","3.85660902122941","2862","0.1590909090909091"
"3.5017921146953404","59.3383540641509","1.0579345071752303E-4","0.28556806550665303","0.8333333333333334","4","6","8913","false","0.65445139449543","1.8559194781132","CACNA1G","10.0","0","4","0.0128795763179957","0","0.00457053292992299","0.9596485142791074","false","0","CACNA1G","2.83584005431614","50","0.4166666666666667"
"3.150537634408602","2989.69415826118","0.0014590545582870624","0.3174061433447099","0.1","5","7","23607","false","0.21916769368353","1.20428457938021","CD2AP","15.6","0","5","4.20141718770867E-7","0","3.91133874639613E-8","0.965313909122442","false","0","CD2AP","5.4948088340025","542","0.234375"
"2.924731182795699","1130.77412288403","6.354044545658513E-4","0.34191176470588236","0.5583333333333333","16","6","11169","false","0.288450493130334","1.39669699520368","WDHD1","33.5625","0","16","9.82127941096779E-6","0","1.28494564557468E-6","0.9689559486645856","false","0","WDHD1","4.84206832183365","1144","0.38139204545454547"
"2.8960573476702507","872.588042592702","2.9185249161547413E-4","0.3452970297029703","0.4","5","6","6935","false","0.464900341034507","1.91627410585295","ZEB1","26.0","0","5","1.95298549780286E-4","0","3.75755441857984E-5","0.9694184298762862","false","0","ZEB1","4.12190299019529","254","0.3058823529411765"
"2.2759856630824373","3863.213048033","0.028494660630876217","0.4393700787401575","0.2574712643678161","30","5","2475","false","0.206975880984335","0.824904041085932","MTOR","22.166666666666668","0","30","3.25332209964463E-4","0","6.73358925026029E-5","0.9794195860793156","false","0","MTOR","3.9855080561216","20142","0.11367521367521367"
"3.4623655913978495","6461.26976543472","4.958891198611025E-4","0.2888198757763975","0.6","5","6","11214","false","0.254402675989637","0.939665211653795","AKAP13","9.2","0","5","9.27657196044852E-4","0","2.21089578895993E-4","0.960284425945196","false","0","AKAP13","3.69361370904791","266","0.32142857142857145"
"2.967741935483871","1825.82686618962","1.583308643097111E-4","0.33695652173913043","0.696969696969697","12","6","23137","false","0.240521912428164","1.46297712117994","SMC5","34.0","0","12","1.78630946608223E-8","0","1.18314951358832E-9","0.9682622268470343","false","0","SMC5","6.08251076340867","224","0.40476190476190477"
"2.663082437275986","716.763167301018","0.014772699658842876","0.3755047106325706","0.42467532467532465","56","6","9156","false","0.310551741269016","1.10959873730814","EXO1","30.589285714285715","0","56","0.00139898801666575","0","3.52926197647268E-4","0.973176089721355","false","0","EXO1","3.57299151752928","13088","0.283234126984127"
"4.308243727598566","1680.01921521811","0.0016878584126199406","0.23211314475873543","0.6","5","7","4548","false","0.256502122202935","1.47947171840776","MTR","6.0","0","5","1.01616485084967E-7","0","8.02781648587705E-9","0.9466412302000231","false","0","MTR","5.76787320783749","774","0.48333333333333334"
"2.946236559139785","5118.80388596504","5.150566370036622E-4","0.33941605839416056","0.13333333333333333","6","6","4301","false","0.271346329870177","0.968367508343237","AFDN","19.833333333333332","0","6","0.00141895130265886","0","3.58687005829914E-4","0.9686090877558099","false","0","AFDN","3.56875108208223","702","0.30952380952380953"
"2.845878136200717","847.824331006961","0.0015623376760040644","0.3513853904282116","0.4222222222222222","10","5","7042","false","0.525445076570988","2.02795320059141","TGFB2","17.3","0","10","5.17425162932466E-4","0","1.13621090828802E-4","0.9702277719967626","false","0","TGFB2","3.85949605584977","1264","0.20595238095238094"
"2.8530465949820787","4646.9285062082","2.1499070141563133E-4","0.3505025125628141","0.9073083778966132","34","6","1063","false","0.33610770320741","1.9010450570252","CENPF","36.0","0","34","1.84378027610699E-7","0","1.54888088764988E-8","0.9701121516938375","false","0","CENPF","5.65605917056911","770","0.3829787234042553"
"2.878136200716846","940.805548070997","1.380665532911762E-4","0.34744707347447074","0.9261363636363636","33","6","4751","false","0.325698296886549","1.04876163611625","NEK2","35.42424242424242","0","33","0.00431843694313427","0","0.00128172584585315","0.9697074806335992","false","0","NEK2","3.2200402831138","460","0.4025482093663912"
"2.881720430107527","839.957196456747","0.0015021561691931997","0.34701492537313433","0.8768939393939394","33","6","9928","false","0.342588311054997","2.10962281865749","KIF14","34.666666666666664","0","33","1.1566912030091E-8","0","7.37182423325173E-10","0.9696496704821367","false","0","KIF14","6.15789491521449","1028","0.3649122807017544"
"2.860215053763441","2070.43722229935","1.4448792754570572E-4","0.34962406015037595","0.9215686274509803","34","6","259266","false","0.350000694819058","2.20782879052506","ASPM","35.35294117647059","0","34","4.9664613190815E-9","0","2.82536917038953E-10","0.9699965313909122","false","0","ASPM","6.30806973587996","532","0.3801391524351676"
"2.6666666666666665","2704.53238483284","0.036424442208732345","0.375","0.4090909090909091","12","5","5743","false","0.749886051776195","1.95139550773015","PTGS2","21.666666666666668","0","12","0.0236476921181164","0","0.00926126804482867","0.9731182795698925","false","0","PTGS2","2.6022560402451","25806","0.2006172839506173"
"3.6379928315412187","2.24484160165937","0.010636651968747583","0.2748768472906404","0.6666666666666666","4","6","1579","false","0.908705737235415","3.46300900494312","CYP4A11","5.75","0","4","6.15736802263814E-4","0","1.38448020649963E-4","0.9574517285235288","false","0","CYP4A11","3.81092455240653","9336","0.38333333333333336"
"3.7240143369175627","457.146262912918","0.0","0.2685274302213667","0.0","1","7","29922","false","0.267052556648389","1.60786078757862","NME7","37.0","0","1","2.53680767552045E-8","0","1.73594233745144E-9","0.9560642848884264","false","0","NME7","6.02076537951136","0","0.0"
"2.7885304659498207","8959.60326190594","0.0010340103949343037","0.35861182519280205","0.9425287356321839","30","6","4288","false","0.340000532336145","0.943592438543321","MKI67","36.43333333333333","0","30","0.0151737982832559","0","0.00551563150751789","0.9711527344201643","false","0","MKI67","2.77526753284736","1870","0.368013468013468"
"2.881720430107527","2762.94857764569","9.334284294140983E-4","0.34701492537313433","0.4696969696969697","12","6","8394","false","0.194638196471797","0.932928401178266","PIP5K1A","17.0","0","12","1.22575852972998E-5","0","1.64189797951269E-6","0.9696496704821367","false","0","PIP5K1A","4.79314141874226","1198","0.2"
"4.444444444444445","956.375664090909","0.002033244153771772","0.22499999999999998","0.4","5","7","55278","false","0.183553489902092","0.883778715513593","QRSL1","6.6","0","5","1.11087166509203E-5","0","1.47325794824022E-6","0.9444444444444444","false","0","QRSL1","4.81482926848737","612","0.4"
"2.684587813620072","1691.97813478642","0.006379337800068509","0.37249666221628835","0.35294117647058826","17","6","6885","false","0.170575531191958","1.23247300611548","MAP3K7","18.41176470588235","0","17","1.40584418647679E-11","0","4.99703102559942E-13","0.9728292288125795","false","0","MAP3K7","7.22537985080941","4182","0.1560319042871386"
"3.609318996415771","1640.38007100293","5.174555551120483E-4","0.2770605759682224","0.3333333333333333","4","7","80143","false","0.176519676666202","1.0631999337265","SIKE1","10.25","0","4","2.50570615998127E-8","0","1.71082072101673E-9","0.9579142097352294","false","0","SIKE1","6.0231241853961","150","0.3203125"
"2.4874551971326166","4382.87198158961","0.014851525513141662","0.40201729106628237","0.2535612535612536","27","5","4893","false","0.237327011953344","0.630830399945622","NRAS","19.185185185185187","0","27","0.0205332629776579","0","0.00785909539462495","0.9760087871430223","false","0","NRAS","2.65806405580851","11404","0.1270542065244052"
"2.845878136200717","1029.21397221758","0.0013956568048384148","0.3513853904282116","0.7652916073968705","38","6","7272","false","0.308885457898073","1.48710867298318","TTK","33.973684210526315","0","38","1.11221560681175E-5","0","1.47617626499017E-6","0.9702277719967626","false","0","TTK","4.8144340724318","1482","0.3653084323712507"
"2.5627240143369177","1234.78360786032","0.010283233429951154","0.3902097902097902","0.33695652173913043","24","6","1147","false","0.1686604924598","0.722914084152206","CHUK","21.0","0","24","1.02771959925719E-4","0","1.81748185692352E-5","0.9747947739623078","false","0","CHUK","4.2862087831536","8444","0.14285714285714285"
"2.6021505376344085","1401.87089315946","0.018682420732766433","0.384297520661157","0.14736842105263157","20","6","5567","false","0.336523353310624","1.17636275136064","PRKACB","14.9","0","20","0.00180632383797114","0","4.72935467126853E-4","0.9741588622962192","false","0","PRKACB","3.4956348193607","11324","0.115625"
"3.039426523297491","1009.19329824003","1.8653634048824427E-4","0.3290094339622642","0.8","6","6","11080","false","0.350198396884106","1.24798002572815","DNAJB4","20.333333333333332","0","6","0.00144339869265526","0","3.65751420332724E-4","0.9671060238177823","false","0","DNAJB4","3.56363717490447","246","0.3388888888888889"
"3.6774193548387095","104.1344415764","0.006997032898656788","0.2719298245614035","0.0","3","6","1491","false","0.448305047001417","2.02335165539719","CTH","6.0","0","3","4.03766418306694E-5","0","6.38155664314264E-6","0.9568158168574401","false","0","CTH","4.51333677577534","3562","0.38461538461538464"
"3.4336917562724016","8321.86464321531","2.4951483481642155E-4","0.29123173277661796","0.6","5","6","55970","false","0.249281539238719","0.80058176209301","GNG12","12.4","0","5","0.00443578604787905","0","0.00132017981243178","0.9607469071568967","false","0","GNG12","3.21155655784984","276","0.3875"
"3.21505376344086","116.504051702486","3.035652839165047E-4","0.3110367892976589","0.6","5","7","9829","false","0.5821885762326","1.8153694286814","DNAJC6","16.8","0","5","0.00588303594922583","0","0.00181970936290781","0.9642733263961151","false","0","DNAJC6","3.11818112342368","156","0.3230769230769231"
"2.6272401433691757","3161.18461887269","0.00500114873830597","0.3806275579809004","0.3626373626373626","14","6","331","false","0.201122031405929","0.667404681557074","XIAP","22.785714285714285","0","14","0.00319828448920074","0","9.05325856584604E-4","0.973754191235981","false","0","XIAP","3.31840662552794","3568","0.1560665362035225"
"2.802867383512545","289.372172358412","0.002671898361303698","0.3567774936061381","0.32727272727272727","11","6","51196","false","0.605252933950336","1.41137391222584","PLCE1","21.454545454545453","0","11","0.0450722012608136","0","0.0197072917574857","0.9709214938143138","false","0","PLCE1","2.33187454873478","2178","0.23737373737373738"
"2.7455197132616487","804.39289235378","0.004550052904199795","0.3642297650130548","0.23636363636363636","11","5","860","false","0.419732171501616","1.33174106445552","RUNX2","16.363636363636363","0","11","0.00499081857806708","0","0.00150958116831229","0.9718464562377153","false","0","RUNX2","3.17283533375853","2928","0.17882117882117882"
"2.8745519713261647","2291.13705365567","1.6696837922700947E-4","0.34788029925187036","0.9126559714795008","34","6","55165","false","0.317763521588552","0.93608777334493","CEP55","35.088235294117645","0","34","0.00958140831833726","0","0.00322055099332529","0.9697652907850619","false","0","CEP55","2.94586291297778","572","0.3987299465240642"
"2.8637992831541217","2828.93982571781","0.0013403976810040163","0.3491864831038799","0.4222222222222222","10","6","2060","false","0.16122982612199","0.900137965318555","EPS15","15.3","0","10","2.69222359557391E-7","0","2.36473525910894E-8","0.9699387212394497","false","0","EPS15","5.58294942672389","1022","0.18214285714285713"
"3.6379928315412187","0.448095428548571","0.010636651968747583","0.2748768472906404","0.6666666666666666","4","6","284541","false","1.36128775967081","4.39707873956424","CYP4A22","5.75","0","4","0.00418824276894945","0","0.00123752286084882","0.9574517285235288","false","0","CYP4A22","3.2300876198487","9336","0.38333333333333336"
"2.068100358422939","3805.22410562481","0.11692104591897179","0.48353552859618715","0.16102756892230577","57","5","5728","false","0.229256106193523","0.778116212085249","PTEN","20.157894736842106","0","57","0.00252122535660369","0","6.88566704479446E-4","0.9827725748641462","false","0","PTEN","3.39409154680667","77942","0.0899906015037594"
"3.204301075268817","2221.85832312256","2.908524315652917E-4","0.31208053691275167","0.5","4","6","6789","false","0.21157079653243","1.03433737616498","STK4","12.75","0","4","7.93512929144506E-6","0","1.0142798803231E-6","0.964446756850503","false","0","STK4","4.88884757781981","330","0.3472222222222222"
"2.989247311827957","1205.63005315676","0.011150971909654922","0.3345323741007194","0.6666666666666666","6","6","64121","false","0.302600449550481","0.818326709607019","RRAGC","15.833333333333334","0","6","0.0182901234921526","0","0.00684455239252855","0.9679153659382587","false","0","RRAGC","2.7043142560517","6904","0.31333333333333335"
"2.695340501792115","2746.09879568515","0.003928900569890745","0.37101063829787234","0.6095238095238096","21","6","546","false","0.260638888126761","1.64746276480609","ATRX","31.285714285714285","0","21","4.6052430959258E-9","0","2.60106161990294E-10","0.9726557983581917","false","0","ATRX","6.32086323206249","4974","0.25644028103044497"
"3.5017921146953404","136.183786197793","6.511105075933439E-5","0.28556806550665303","0.6666666666666666","3","6","5592","false","0.666584395606714","1.60516947941471","PRKG1","9.333333333333334","0","3","0.0377560249143537","0","0.0160379233601059","0.9596485142791074","false","0","PRKG1","2.40805138853229","122","0.42424242424242425"
"2.8530465949820787","1494.45552400282","4.152323265105641E-4","0.3505025125628141","0.9034090909090909","33","6","24137","false","0.297506053104654","0.785421663508254","KIF4A","35.27272727272727","0","33","0.0214972133101305","0","0.00829013541173358","0.9701121516938375","false","0","KIF4A","2.64001910318095","732","0.36742424242424243"
"4.623655913978495","249.085335441626","0.0","0.21627906976744185","1.0","3","7","316","false","0.628045735401046","2.50234379859026","AOX1","4.0","0","3","3.26864452401773E-4","0","6.76697216850571E-5","0.9415539368713146","false","0","AOX1","3.98433371574819","0","0.8"
"4.186379928315413","7370.43016537496","0.0020351045332849703","0.2388698630136986","0.7142857142857143","8","6","3376","false","0.210854334943256","1.29326315647944","IARS1","7.125","0","8","1.3301677207903E-8","0","8.59969530446594E-10","0.9486067753497515","false","0","IARS1","6.13344353023369","2008","0.5089285714285714"
"2.7885304659498207","8429.3821633777","0.0011106581156656613","0.35861182519280205","0.5636363636363636","11","6","3304","false","0.434257916976288","1.45529724437613","HSPA1B","21.818181818181817","0","11","0.00288861654149276","0","8.04540630032762E-4","0.9711527344201643","false","0","HSPA1B","3.35122789357366","976","0.21390374331550802"
"2.8853046594982077","1195.32896662472","0.0019487538205939458","0.34658385093167704","0.43636363636363634","11","6","5305","false","0.235842288356207","0.690262325531051","PIP4K2A","17.727272727272727","0","11","0.010060226156873","0","0.00342473161439187","0.969591860330674","false","0","PIP4K2A","2.92679625160568","3228","0.20855614973262032"
"4.910394265232975","2731.39489570661","0.0023099577365227196","0.20364963503649633","0.3333333333333333","3","8","29968","false","0.392822306266009","1.00512178481685","PSAT1","5.333333333333333","0","3","0.0262439046745457","0","0.0105058711440999","0.9369291247543069","false","0","PSAT1","2.5587187101748","444","0.38461538461538464"
"2.942652329749104","1479.20425934683","0.0","0.3398294762484775","1.0","3","6","8027","false","0.235022715583392","0.759010223785512","STAM","28.666666666666668","0","3","0.00419441194486086","0","0.00123998829275863","0.9686668979072726","false","0","STAM","3.22951856760499","0","0.4095238095238095"
"2.903225806451613","2506.49128795107","9.65979647270239E-6","0.34444444444444444","0.9532163742690059","19","6","10111","false","0.227711754110327","1.0483773650486","RAD50","33.0","0","19","2.75342643657005E-5","0","4.1451849325955E-6","0.969302809573361","false","0","RAD50","4.60396684020388","16","0.38823529411764707"
"3.021505376344086","3049.15373098577","0.0022023591651449126","0.3309608540925267","0.4696969696969697","12","6","23586","false","0.484325169330088","1.1370893983859","DDX58","15.25","0","12","0.043446850461697","0","0.0188856251018116","0.9673950745750953","false","0","DDX58","2.34778093395126","1548","0.25416666666666665"
"2.8422939068100357","798.091620019221","5.027157886966859E-4","0.351828499369483","0.6432748538011696","19","6","5983","false","0.279942172742643","0.803599186915395","RFC3","35.8421052631579","0","19","0.0117482427079579","0","0.00409706615527754","0.9702855821482252","false","0","RFC3","2.87058994735374","806","0.3620414673046252"
"2.3978494623655915","500.512600367019","0.022589266810538248","0.4170403587443946","0.4657375145180023","42","5","675","false","0.43227652981146","2.70295961541312","BRCA2","29.904761904761905","0","42","6.71676401629717E-9","0","4.0303328154168E-10","0.9774540409295872","false","0","BRCA2","6.25284841763681","21254","0.1857438627624963"
"3.3010752688172045","1104.15287569768","8.149131047187479E-4","0.3029315960912052","0.38095238095238093","7","6","6453","false","0.254525182543746","1.16582747944013","ITSN1","12.142857142857142","0","7","3.04140028460179E-5","0","4.64084570033201E-6","0.9628858827610128","false","0","ITSN1","4.58040130956296","414","0.2577639751552795"
"2.6810035842293907","328.898920553589","1.8624681911325072E-4","0.3729946524064171","0.6111111111111112","9","6","29126","false","0.619966190291022","1.56024414020491","CD274","32.0","0","9","0.0290901547447901","0","0.0118473079404402","0.9728870389640422","false","0","CD274","2.51666004475585","230","0.25806451612903225"
"3.598566308243728","4361.94131028931","0.030986870314239325","0.2778884462151394","0.3333333333333333","9","6","2618","false","0.193169210085964","0.871877491911595","GART","5.444444444444445","0","9","4.03628418848206E-5","0","6.37535848992698E-6","0.9580876401896173","false","0","GART","4.51354277176778","20128","0.24242424242424243"
"2.7777777777777777","1848.86735228035","0.0014793090571588031","0.36","0.6666666666666666","30","6","7158","false","0.210218304610711","1.2486943636255","TP53BP1","31.633333333333333","0","30","3.96145171217042E-8","0","2.85041643470949E-9","0.9713261648745519","false","0","TP53BP1","5.93998874616493","3218","0.30711974110032364"
"2.8207885304659497","14530.5355586058","2.3887651700690168E-4","0.3545108005082592","0.7934782608695652","24","6","7520","false","0.15117939703239","0.673461533596833","XRCC5","32.416666666666664","0","24","5.14532262303915E-5","0","8.40036585938932E-6","0.9706324430570008","false","0","XRCC5","4.45471768519188","416","0.3274410774410774"
"2.7885304659498207","3475.35612396335","0.008747840989141649","0.35861182519280205","0.7883064516129032","32","6","1894","false","0.328478508450398","0.986179007610418","ECT2","33.65625","0","32","0.00818656468659783","0","0.0026798018405215","0.9711527344201643","false","0","ECT2","3.0022634121871","4794","0.3202380952380952"
"3.100358422939068","963.603530017134","1.0148280374933795E-4","0.3225433526011561","0.7777777777777778","9","6","7187","false","0.222749246013508","0.900189104282445","TRAF3","17.11111111111111","0","9","2.64425443210177E-4","0","5.31632606433698E-5","0.9661232512429183","false","0","TRAF3","4.04126667269552","114","0.3355119825708061"
"2.5627240143369177","268.219534385391","0.004029313853919131","0.3902097902097902","0.39166666666666666","16","5","3479","false","0.722250514747876","2.82478454363868","IGF1","23.0","0","16","4.28954481724239E-4","0","9.18816944830772E-5","0.9747947739623078","false","0","IGF1","3.91108692338525","3188","0.17424242424242425"
"2.7562724014336917","920.809933031841","0.001596701220988401","0.36280884265279584","0.8645276292335116","34","6","3161","false","0.35532057907428","1.73604709735455","HMMR","35.88235294117647","0","34","8.04030287436349E-6","0","1.02977630522437E-6","0.9716730257833276","false","0","HMMR","4.88586138713802","2846","0.34837235865219873"
"4.401433691756273","3667.94336364223","0.007089203751248107","0.2271986970684039","0.39285714285714285","8","7","10797","false","0.253135216361434","1.18822947700961","MTHFD2","5.375","0","8","1.874552577676E-5","0","2.67847927297388E-6","0.9451381662619955","false","0","MTHFD2","4.69405045291295","4526","0.2986111111111111"
"2.931899641577061","3633.50161450757","1.272694920365997E-4","0.3410757946210269","0.9090909090909091","33","6","9055","false","0.280476092739294","0.657260986951821","PRC1","34.515151515151516","0","33","0.0438960807494892","0","0.0191101056270756","0.9688403283616603","false","0","PRC1","2.3433761520728","326","0.43690065209052553"
"4.827956989247312","1712.33601025962","0.0027647765204029643","0.20712694877505566","0.4","5","7","440","false","0.407242050369533","1.31216607213306","ASNS","7.2","0","5","0.00429373559926163","0","0.00127264025217621","0.9382587582379466","false","0","ASNS","3.22207903369114","910","0.37894736842105264"
"3.770609318996416","4629.43546910211","0.006131120404222944","0.2652091254752852","0.7142857142857143","7","6","51520","false","0.163140869356204","0.85088351360691","LARS1","7.714285714285714","0","7","1.71716849635648E-6","0","1.83186854707828E-7","0.9553127529194126","false","0","LARS1","5.21563674979001","4250","0.4732142857142857"
"3.161290322580645","111.838377268333","0.002071626526258862","0.3163265306122449","0.3611111111111111","9","6","9495","false","0.461981941231166","1.20513550548963","AKAP5","9.444444444444445","0","9","0.0232761645946525","0","0.00909080312633555","0.9651404786680541","false","0","AKAP5","2.60862037654109","982","0.2074074074074074"
"3.4516129032258065","2857.31049920864","7.527027739558425E-4","0.2897196261682243","0.3","5","6","5530","false","0.2208610634366","1.02046718046307","PPP3CA","10.2","0","5","2.57523567984466E-5","0","3.82994870294714E-6","0.9604578563995837","false","0","PPP3CA","4.62040327337283","290","0.28823529411764703"
"2.92831541218638","1888.45819765394","1.3651105154131353E-4","0.34149326805385555","0.9055258467023173","34","6","10112","false","0.344863986960948","0.939323836829268","KIF20A","34.3235294117647","0","34","0.0173639346813854","0","0.00645450314297848","0.9688981385131229","false","0","KIF20A","2.72375160162965","344","0.43447505584512286"
"2.247311827956989","2690.22506523989","0.08322882014765672","0.44497607655502397","0.4792156862745098","51","5","983","false","0.304579383231024","1.51604389333775","CDK1","33.86274509803921","0","51","5.27994812378369E-6","0","6.44107674818419E-7","0.9798820672910162","false","0","CDK1","4.97750004368426","42566","0.1780185758513932"
"2.4659498207885306","563.840033499594","0.01041844306399662","0.40552325581395343","0.233201581027668","23","6","5599","false","0.301096280579136","0.736869334879627","MAPK8","23.26086956521739","0","23","0.0344313436672187","0","0.0143935746736724","0.9763556480517979","false","0","MAPK8","2.44728806832922","8084","0.13657289002557546"
"4.487455197132617","363.488120175275","4.542845794343046E-5","0.2228434504792332","0.9","5","7","441024","false","0.323112280417066","1.18527883037621","MTHFD2L","6.4","0","5","0.00101205737448032","0","2.44150701513893E-4","0.9437507226268933","false","0","MTHFD2L","3.66831873070959","40","0.49230769230769234"
"2.6487455197132617","26895.7320100373","0.041236044794851295","0.37753721244925575","0.25146198830409355","19","5","3688","false","0.318682095638749","1.82947620905595","ITGB1","17.36842105263158","0","19","1.17336038314054E-7","0","9.42547177346576E-9","0.9734073303272055","false","0","ITGB1","5.74075617705805","24396","0.14385964912280702"
"5.275985663082437","1237.19394563212","0.00108637517682568","0.18953804347826086","0.0","2","8","10020","false","0.430895842606014","1.03051581690085","GNE","2.5","0","2","0.0392638653216653","0","0.0167766704701447","0.931032489305122","false","0","GNE","2.3915659308022","426","0.5"
"2.8745519713261647","1562.3311750481","0.001183120243783865","0.34788029925187036","0.42857142857142855","8","6","30011","false","0.412177131477865","1.26144698315401","SH3KBP1","19.0","0","8","0.00694994606086812","0","0.002210055873814","0.9697652907850619","false","0","SH3KBP1","3.06044874113","848","0.2289156626506024"
"2.924731182795699","7798.57253389286","0.0022376336860148497","0.34191176470588236","0.19047619047619047","7","6","23365","false","0.285931254450064","0.655918043652329","ARHGEF12","20.857142857142858","0","7","0.0491855713696564","0","0.0217921569402073","0.9689559486645856","false","0","ARHGEF12","2.29397113272513","1752","0.28180039138943247"
"4.186379928315413","4.86062270409233","0.007168458781362007","0.2388698630136986","0.5","4","7","54511","false","1.02840218919654","3.75480419057573","HMGCLL1","4.25","0","4","0.00107396488081388","0","2.61114635765237E-4","0.9486067753497515","false","0","HMGCLL1","3.65110482068232","5860","0.5714285714285714"
"5.182795698924731","194.074650838614","0.0","0.19294605809128632","0.0","1","8","525","false","0.84380665536069","2.16815929731872","ATP6V1B1","4.0","0","1","0.0255882659485513","0","0.0101846054949959","0.9325355532431495","false","0","ATP6V1B1","2.56949774399673","0","0.0"
"2.5017921146953404","1721.96990361832","0.006243282949232004","0.39971346704871064","0.2948717948717949","13","5","4214","false","0.302604890470562","0.702594029534934","MAP3K1","27.153846153846153","0","13","0.0461119718441382","0","0.0202426400680718","0.975777546537172","false","0","MAP3K1","2.32181981078486","5084","0.1702951136913401"
"2.802867383512545","2928.92626002016","3.24148790657179E-4","0.3567774936061381","0.7883597883597884","28","6","5932","false","0.325260244409016","0.875274812388061","RBBP8","31.428571428571427","0","28","0.01891259256892","0","0.00712385266001195","0.9709214938143138","false","0","RBBP8","2.69099844642372","564","0.3142857142857143"
"2.7240143369175627","2590.27087836729","0.0032391101842678795","0.36710526315789477","0.3090909090909091","11","6","6093","false","0.267934473888399","1.70244938847415","ROCK1","20.09090909090909","0","11","3.79378576203333E-9","0","2.09818710054239E-10","0.9721933171464909","false","0","ROCK1","6.35397664125619","2272","0.17779565567176187"
"2.85663082437276","1099.43296892039","0.003007879637928966","0.35006273525721454","0.6","6","6","9590","false","0.58999813284331","2.46186468879305","AKAP12","20.333333333333332","0","6","1.60547410142848E-4","0","3.01057139232222E-5","0.9700543415423749","false","0","AKAP12","4.17266522002175","1406","0.2364341085271318"
"2.6057347670250897","2204.76925767404","0.011333244651821232","0.3837689133425034","0.17142857142857143","15","6","1385","false","0.164762891829515","1.03738318118667","CREB1","19.666666666666668","0","15","5.29744426523383E-9","0","3.0499421798374E-10","0.9741010521447566","false","0","CREB1","6.29621858215551","7404","0.14"
"4.236559139784946","6842.30452909386","0.0","0.23604060913705585","1.0","6","6","6897","false","0.219605341404139","1.26826290654179","TARS1","8.166666666666666","0","6","9.75490730835235E-8","0","7.68656009436609E-9","0.9477974332292751","false","0","TARS1","5.77519152509051","0","0.6805555555555556"
"2.3835125448028673","769.073075918744","0.02996219223566462","0.4195488721804511","0.41350601295097134","47","6","1111","false","0.261473547813783","1.18718865470045","CHEK1","33.234042553191486","0","47","3.62664548577011E-5","0","5.6153554860867E-6","0.9776852815354375","false","0","CHEK1","4.54037765818644","25286","0.20020507562163548"
"3.4408602150537635","3247.44070767371","0.0022000284383974435","0.290625","0.4","5","7","4719","false","0.224512925588512","0.675388163135324","NDUFS1","9.6","0","5","0.00803861893317296","0","0.00262767846957615","0.9606312868539716","false","0","NDUFS1","3.00823732693759","1298","0.2594594594594595"
"3.587813620071685","4419.51663126331","5.290128080860994E-4","0.2787212787212787","0.1","5","6","10672","false","0.212244448290634","0.696089178427938","GNA13","7.2","0","5","0.00360024186560308","0","0.001039330368004","0.9582610706440051","false","0","GNA13","3.27965788520772","210","0.28695652173913044"
"2.824372759856631","5275.66802109456","0.002506826953019087","0.35406091370558374","0.19444444444444445","9","6","7332","false","0.183787470332469","0.98316898897389","UBE2L3","18.22222222222222","0","9","8.81670661131137E-7","0","8.82030857499693E-8","0.9705746329055382","false","0","UBE2L3","5.34948866315723","1602","0.1840628507295174"
"2.6989247311827955","2916.69793665923","0.012307081922858348","0.3705179282868526","0.7747747747747747","37","6","29127","false","0.241970020198239","0.663855346293085","RACGAP1","33.513513513513516","0","37","0.0165052393031842","0","0.00607799410761214","0.9725979882067292","false","0","RACGAP1","2.74354379004972","6308","0.28890959925442683"
"2.860215053763441","550.714508347622","0.004462404579228615","0.34962406015037595","0.31666666666666665","16","6","8867","false","0.260283955386274","0.66966579775808","SYNJ1","13.5","0","16","0.0254085847092224","0","0.0100871380619699","0.9699965313909122","false","0","SYNJ1","2.57282780555668","3184","0.1569767441860465"
"2.727598566308244","7594.34994969073","0.004018616662375546","0.36662286465177396","0.6515679442508711","42","6","7153","false","0.350502433525401","1.23670776655448","TOP2A","34.04761904761905","0","42","0.00162285097569654","0","4.18102500888012E-4","0.9721355069950283","false","0","TOP2A","3.52838567799804","4872","0.3338001867413632"
"2.5197132616487457","38.6155012051082","0.007034708783616334","0.3968705547652916","0.3464052287581699","18","5","3586","false","0.506749052747737","1.86890178475273","IL10","20.333333333333332","0","18","9.45440740223772E-4","0","2.26003886476738E-4","0.975488495779859","false","0","IL10","3.68802225602399","5160","0.1469404186795491"
"2.960573476702509","915.116545344408","2.8901755825783244E-5","0.33777239709443097","0.9729064039408867","29","6","55635","false","0.31877335656652","1.53476388927189","DEPDC1","35.48275862068966","0","29","1.11176005773762E-5","0","1.47500389643669E-6","0.9683778471499596","false","0","DEPDC1","4.81459274326656","108","0.4668784029038113"
"2.838709677419355","1010.31558548093","0.0016180526068694905","0.35227272727272724","0.8810483870967742","32","6","55355","false","0.324181026830858","1.21307466377453","HJURP","35.25","0","32","7.85165351265642E-4","0","1.82585587230424E-4","0.9703433922996879","false","0","HJURP","3.7419668745989","1222","0.3557449494949495"
"3.5197132616487457","1878.97281947771","0.0","0.28411405295315684","1.0","3","7","4698","false","0.225227200691247","0.748087555652303","NDUFA5","12.666666666666666","0","3","0.00316670057569179","0","8.95415232744636E-4","0.9593594635217945","false","0","NDUFA5","3.32147961416889","0","0.3958333333333333"
"2.10752688172043","1191.02343008706","0.119658027564574","0.4744897959183674","0.3206291591046582","58","5","672","false","0.288759771528161","1.458408677606","BRCA1","29.379310344827587","0","58","3.7692419122866E-6","0","4.40435845532102E-7","0.9821366631980576","false","0","BRCA1","5.05059506692319","90000","0.1411637931034483"
"2.5591397849462365","365.524932554258","0.005314572866226273","0.3907563025210084","0.3333333333333333","18","6","673","false","0.273969043450416","1.21936599509639","BRAF","24.444444444444443","0","18","5.23492265135763E-5","0","8.55734215452751E-6","0.9748525841137703","false","0","BRAF","4.4507437035202","4936","0.16296296296296298"
"2.5770609318996414","503.353611530282","0.03339405554838307","0.3880389429763561","0.19473684210526315","20","5","91860","false","0.267571371071428","0.646073778070416","CALML4","17.55","0","20","0.0371705327913466","0","0.0157531534897041","0.9745635333564574","false","0","CALML4","2.41458484696387","20950","0.12644927536231884"
"3.5448028673835124","129.44208145716","5.1871922375519495E-5","0.282103134479272","0.6666666666666666","4","6","7220","false","0.54577257047269","2.30615275884065","TRPC1","9.0","0","4","1.30997957944077E-4","0","2.38428746484558E-5","0.9589547924615563","false","0","TRPC1","4.22548307410046","16","0.391304347826087"
"3.229390681003584","1413.33633921785","0.014228003416732088","0.30965593784683687","0.4","6","6","8801","false","0.201715768002994","0.806534196260239","SUCLG2","7.5","0","6","3.09912122515172E-4","0","6.37803009772312E-5","0.9640420857902647","false","0","SUCLG2","3.99836960811248","10256","0.23655913978494625"
"3.03584229390681","13751.6123287881","0.001244411832752886","0.3293978748524203","0.5","5","6","5478","false","0.254949149932599","2.32649202142924","PPIA","20.0","0","5","4.59220872105323E-18","0","7.15260780268224E-20","0.967163833969245","false","0","PPIA","9.12531782139419","1156","0.309375"
"3.218637992831541","1458.40545234468","7.268409662459358E-4","0.31069042316258355","0.3333333333333333","7","6","25937","false","0.350277241163569","2.08086607574215","WWTR1","10.714285714285714","0","7","3.95169179162464E-8","0","2.8393577524338E-9","0.9642155162446526","false","0","WWTR1","5.94062597053072","454","0.2435064935064935"
"2.870967741935484","204.501810332081","6.328499057310503E-5","0.348314606741573","0.9","21","6","5890","false","0.262132948673195","1.6043059859387","RAD51B","31.952380952380953","0","21","1.43424604732252E-8","0","9.3458173648429E-10","0.9698231009365244","false","0","RAD51B","6.12019966989656","94","0.3590155163188871"
"3.8315412186379927","2524.18306293065","7.53877184990359E-5","0.2609915809167446","0.0","2","7","55669","false","0.247932716060969","0.897594430179989","MFN1","8.0","0","2","0.00119566430760956","0","2.94245036174572E-4","0.9543299803445485","false","0","MFN1","3.6203145935741","24","0.5"
"2.960573476702509","662.539228477413","7.746829532021592E-4","0.33777239709443097","0.6190476190476191","7","6","8821","false","0.517343036275303","3.08359576732967","INPP4B","17.714285714285715","0","7","3.54886823373576E-8","0","2.515488258822E-9","0.9683778471499596","false","0","INPP4B","5.96044703632338","1384","0.2530612244897959"
"2.6666666666666665","1359.04829287521","0.0037293838969017154","0.375","0.25","9","5","4734","false","0.329292130241374","2.04258090101296","NEDD4","21.11111111111111","0","9","9.00218697385263E-9","0","5.54162875726112E-10","0.9731182795698925","false","0","NEDD4","6.20294478193491","1852","0.1881881881881882"
"3.017921146953405","1128.23155248418","0.003712700983673491","0.331353919239905","0.2","6","6","9140","false","0.177956290023638","1.04136915311005","ATG12","14.166666666666666","0","6","6.43738924756328E-8","0","4.86206653924323E-9","0.967452884726558","false","0","ATG12","5.8518254846273","1888","0.23728813559322035"
"2.860215053763441","918.858087285433","1.8710121714631453E-4","0.34962406015037595","0.7966666666666666","25","6","5884","false","0.159203711286331","0.752680702731908","RAD17","30.48","0","25","1.63171726064998E-5","0","2.26983853437368E-6","0.9699965313909122","false","0","RAD17","4.72778364681586","282","0.33866666666666667"
"2.802867383512545","3499.33361410193","7.882572462060784E-5","0.3567774936061381","0.6666666666666666","4","6","55914","false","0.224543991123709","1.44998619045546","ERBIN","41.5","0","4","2.02020061403092E-9","0","1.06467522912875E-10","0.9709214938143138","false","0","ERBIN","6.45747046357885","76","0.4029126213592233"
"3.4659498207885306","6495.8397068894","0.008267795447314664","0.28852119958634953","0.5","4","7","7381","false","0.31335497860978","0.818305976449493","UQCRB","10.25","0","4","0.0231278141548446","0","0.00901632791635601","0.9602266157937334","false","0","UQCRB","2.61143441881779","4930","0.29411764705882354"
"3.086021505376344","1970.58124463304","6.039112419690624E-4","0.3240418118466899","0.43636363636363634","11","6","834","false","0.394879063578362","1.69958448333296","CASP1","14.454545454545455","0","11","9.55698028706012E-5","0","1.67693720081394E-5","0.9663544918487686","false","0","CASP1","4.30406329454762","460","0.28909090909090907"
"2.609318996415771","458.247239473707","0.012232395019496096","0.3832417582417582","0.25925925925925924","28","6","7189","false","0.247215887260318","1.65329745885399","TRAF6","18.0","0","28","4.77971190232004E-10","0","2.26756835729513E-11","0.974043241993294","false","0","TRAF6","6.68766670773498","9018","0.13506981740064447"
"2.684587813620072","62121.6136864714","0.006822411217690651","0.37249666221628835","0.2631578947368421","20","6","3312","false","0.243172545191875","0.803989841994425","HSPA8","16.5","0","20","0.00332411767715151","0","9.45528314867424E-4","0.9728292288125795","false","0","HSPA8","3.30625252682222","4760","0.13823529411764707"
"2.974910394265233","849.118113737744","0.0032091899486401984","0.336144578313253","0.23809523809523808","7","6","9113","false","0.377803191572162","2.03744886292452","LATS1","14.714285714285714","0","7","7.08997638587914E-7","0","6.93356387445539E-8","0.9681466065441092","false","0","LATS1","5.3928842010202","1220","0.18738404452690166"
"2.2867383512544803","16218.7322092956","0.015914878979567535","0.4373040752351097","0.2971014492753623","24","5","3091","false","0.338789295302862","1.03091582621704","HIF1A","24.5","0","24","0.00729006420254906","0","0.00234278286317237","0.9792461556249278","false","0","HIF1A","3.04294096805936","12818","0.12436548223350254"
"4.534050179211469","1652.11165037079","0.0","0.22055335968379447","0.0","1","7","132","false","0.264186184962384","1.09460644640433","ADK","3.0","0","1","1.80052364252029E-4","0","3.42322005980137E-5","0.9429991906578795","false","0","ADK","4.14331448315581","0","0.0"
"4.236559139784946","128.804526344143","0.00345986847041729","0.23604060913705585","0.5","4","7","283459","false","0.239634243775946","4.40838728375071","GATC","6.75","0","4","8.88170450879979E-73","0","1.40605065760797E-75","0.9477974332292751","false","0","GATC","18.3963160451829","1694","0.4642857142857143"
"2.924731182795699","1614.60384504991","3.575671323366727E-4","0.34191176470588236","0.42857142857142855","8","6","10818","false","0.327575401803523","1.00445700443105","FRS2","17.5","0","8","0.00683313965243743","0","0.00216697973861896","0.9689559486645856","false","0","FRS2","3.06633831142642","232","0.23972602739726026"
"2.85663082437276","4222.51669727325","0.002297576245421098","0.35006273525721454","0.35555555555555557","10","6","7046","false","0.275129684263645","1.25483973802113","TGFBR1","17.2","0","10","3.31580053675014E-5","0","5.09341641024635E-6","0.9700543415423749","false","0","TGFBR1","4.56090276619761","1834","0.1829787234042553"
"3.0","812.837121274096","2.2165160896211883E-4","0.3333333333333333","0.5","5","6","317","false","0.229778715896856","0.937741254213015","APAF1","24.8","0","5","2.28076810568778E-4","0","4.48303362209798E-5","0.967741935483871","false","0","APAF1","4.081062297493","280","0.3701492537313433"
"2.838709677419355","267.717754374104","0.005121826240996438","0.35227272727272724","0.34545454545454546","11","6","3690","false","0.614652764106976","1.5122301097293","ITGB3","15.272727272727273","0","11","0.033354507136876","0","0.0138820974959422","0.9703433922996879","false","0","ITGB3","2.46029986040397","3606","0.1686868686868687"
"2.5698924731182795","1081.19878976229","9.200603085732964E-4","0.3891213389121339","0.5777777777777777","10","6","55294","false","0.241266371819309","1.22907532078866","FBXW7","32.4","0","10","3.09085764719853E-6","0","3.50093057986229E-7","0.9746791536593826","false","0","FBXW7","5.09426701914824","1114","0.2174496644295302"
"2.903225806451613","3955.13097735835","0.0020562519580945592","0.34444444444444444","0.5384615384615384","13","6","329","false","0.486697074327807","2.24330390220784","BIRC2","17.76923076923077","0","13","2.69364122838561E-5","0","4.04142474159786E-6","0.969302809573361","false","0","BIRC2","4.60924057393636","1530","0.1952662721893491"
"2.881720430107527","206.455803139656","0.014308700841336317","0.34701492537313433","0.2857142857142857","7","5","4842","false","0.959247264863775","2.36970928510438","NOS1","16.714285714285715","0","7","0.0325205311098447","0","0.0134968009564757","0.9696496704821367","false","0","NOS1","2.47038419801062","8086","0.26077097505668934"
"2.792114695340502","10062.7240896527","0.006951310179857156","0.3581514762516046","0.2","16","6","10413","false","0.490994020792215","1.21077780980237","YAP1","12.3125","0","16","0.0328752836935776","0","0.0136641780197134","0.9710949242687016","false","0","YAP1","2.46597261581473","4128","0.1256377551020408"
"2.763440860215054","22646.7109138977","0.005337556942219639","0.36186770428015563","0.24175824175824176","14","6","1213","false","0.190398048572979","0.769303990978269","CLTC","15.285714285714286","0","14","2.65085400075123E-4","0","5.33365578743737E-5","0.9715574054804024","false","0","CLTC","4.04050354898147","3566","0.14489795918367346"
"2.6810035842293907","2137.14043997028","0.005558719814506535","0.3729946524064171","0.6181818181818182","45","6","890","false","0.310642936520824","0.874708934441244","CCNA2","34.666666666666664","0","45","0.0136071900573422","0","0.0048655676019564","0.9728870389640422","false","0","CCNA2","2.81580178270884","7014","0.3151515151515151"
"2.910394265232975","8747.58815995663","4.3484983830555844E-4","0.3435960591133005","0.8","5","6","163","false","0.263971128768231","0.638644396385238","AP2B1","21.8","0","5","0.0367734897044407","0","0.0155473251589758","0.9691871892704359","false","0","AP2B1","2.41937214636064","514","0.2831168831168831"
"2.7455197132616487","4550.51178192241","0.07507006349413091","0.3642297650130548","0.13333333333333333","10","5","31","false","0.234971524147856","0.653971541021498","ACACA","12.4","0","10","0.0148413102006668","0","0.0053826465654752","0.9718464562377153","false","0","ACACA","2.78319487177513","51058","0.13225806451612904"
"3.25089605734767","2742.80591498913","0.0","0.30760749724366043","1.0","4","6","1793","false","0.26240790895051","1.22017363083255","DOCK1","20.5","0","4","2.26734037127146E-5","0","3.32077018936092E-6","0.9636952248814893","false","0","DOCK1","4.64991179462764","0","0.4019607843137255"
"2.6164874551971327","6006.41110398829","0.002776094548624782","0.3821917808219178","0.42483660130718953","18","6","5781","false","0.21934583525222","1.10388644571402","PTPN11","23.27777777777778","0","18","4.08701299508985E-6","0","4.83796145573397E-7","0.9739276216903688","false","0","PTPN11","5.0326300676951","2428","0.17242798353909464"
"3.2329749103942653","2636.51400232626","2.3371872675107387E-4","0.3093126385809313","0.6","6","6","10207","false","0.221521565388551","0.95677083307098","PATJ","13.333333333333334","0","6","8.9839963057717E-5","0","1.56676270984631E-5","0.9639842756388022","false","0","PATJ","4.3190866378756","176","0.2564102564102564"
"2.942652329749104","1219.6066750511","9.307340316170804E-4","0.3398294762484775","0.5777777777777777","10","6","22876","false","0.286503094497521","0.733726599916915","INPP5F","15.4","0","10","0.0261108913878399","0","0.0104379561732208","0.9686668979072726","false","0","INPP5F","2.56097268758562","1534","0.21388888888888888"
"4.247311827956989","1484.62822445604","6.2776116320743E-4","0.23544303797468355","0.7","5","6","55157","false","0.236647199042832","0.800515689158524","DARS2","7.6","0","5","0.00261652941710961","0","7.17668241205992E-4","0.9476240027748872","false","0","DARS2","3.38273891428411","680","0.6333333333333333"
"2.835125448028674","3527.89923601359","0.0034459821249582284","0.3527180783817952","0.2222222222222222","9","6","7337","false","0.18190046291119","0.85808778066878","UBE3A","18.333333333333332","0","9","1.70700471647518E-5","0","2.38938817682487E-6","0.9704012024511504","false","0","UBE3A","4.71734797666638","3036","0.1870748299319728"
"2.4551971326164876","12492.8426367154","0.034225420720360014","0.40729927007299266","0.15384615384615385","27","5","998","false","0.177121157900192","0.712332048885305","CDC42","16.814814814814813","0","27","2.84183628543384E-4","0","5.77742327255241E-5","0.9765290785061856","false","0","CDC42","4.02172195196864","21816","0.10145903479236812"
"2.982078853046595","2009.24967517491","1.1212539957122393E-4","0.33533653846153844","0.7857142857142857","8","6","10892","false","0.254212415320078","0.76194633778668","MALT1","21.125","0","8","0.00830598979936466","0","0.00272398460277397","0.968030986241184","false","0","MALT1","2.99728216195624","164","0.31529850746268656"
"4.620071684587813","11.5288569595636","0.007168458781362007","0.21644685802948022","0.5","4","7","1576","false","0.987968628120098","5.76484915871935","CYP3A4","3.0","0","4","7.04814636443768E-8","0","5.37735199084358E-9","0.9416117470227772","false","0","CYP3A4","5.83505284949045","6230","0.6875"
"5.616487455197133","26.4414430981312","0.0","0.1780472239948947","0.0","1","8","1588","false","0.594863159995046","3.39528355209638","CYP19A1","4.0","0","1","1.39823467175809E-7","0","1.14532142452251E-8","0.9255405249161753","false","0","CYP19A1","5.70767157966995","0","0.0"
"2.835125448028674","3546.42107328399","9.63179409572464E-4","0.3527180783817952","0.38095238095238093","7","6","83737","false","0.233369321732608","1.66448163845928","ITCH","23.142857142857142","0","7","2.6208259912151E-11","0","9.86389927242127E-13","0.9704012024511504","false","0","ITCH","7.1323926645612","670","0.24360902255639097"
"2.4982078853046596","808.495765706189","0.004108429854004178","0.40028694404591103","0.42857142857142855","14","6","10000","false","0.470459730432918","1.69801160423836","AKT3","27.785714285714285","0","14","0.00124108826912867","0","3.07071425999816E-4","0.9758353566886345","false","0","AKT3","3.60926024991734","3192","0.17430368373764601"
